title,href,body
Arijit Singh - Wikipedia,https://en.wikipedia.org/wiki/Arijit_Singh,"Singh began his career when he participated in the contemporary reality show Fame Gurukul in 2005. Singh made his Hindi cinema debut in 2011 with the song ""Phir Mohabbat"" along with Saim Bhatt and Mohammed Irfan composed by Mithoon for the film Murder 2, although the song was recorded in 2009."
Arijit Singh: The Soulful Voice that Touches Millions of Hearts,https://www.historytools.org/people/arijit-singh,"Awards and Accolades Arijit Singh has received numerous honors recognizing his singing talent including: 4 Filmfare Awards for Best Male Playback Singer National Film Award for Best Male Playback Singer (2018) Padma Shri for contribution to arts and music (2020) Multiple IIFA, Mirchi Music and Star Screen awards"
"Bollywood Success Story: From Melodies To Milestones, Arjit Singh's ...",https://zeenews.india.com/people/bollywood-success-story-from-melodies-to-milestones-arjit-singhs-harmonious-journey-to-unprecedented-success-2711327.html,"5 Travel From Beaches To Mountains: 4 Most Romantic Destinations To Visit Abroad For Valentine's Day Arijit Singh New Delhi: Arijit Singh, the soulful voice that has left an indelible mark..."
Arijit Singh: A Journey of Humble Beginnings to Musical Mastery,https://medium.com/@djmirchi9/arijit-singh-a-journey-of-humble-beginnings-to-musical-mastery-c3133df0d884,"Singh's journey into the world of playback singing was serendipitous. His debut in Bollywood, ""Phir Mohabbat"" (from Murder 2), was released in 2011, unbeknownst to him. Even after it became a..."
The Rise And Rise Of Arijit Singh - Forbes India,https://www.forbesindia.com/article/2014-celebrity-100/the-rise-and-rise-of-arijit-singh/39203/1,"Having grown up in West Bengal's Murshidabad, he trained in classical music under Rajendra Prasad Hazari. And it was his guru who insisted that he audition for the show because ""classical music was..."
"Arijit Singh Age, Wife, Children, Family, Biography & More",https://starsunfolded.com/arijit-singh/,"Age: 36 Years Hometown: Jiaganj, Murshidabad, West Bengal Some Lesser Known Facts About Arijit Singh Does Arijit Singh smoke?: Yes Does Arijit Singh drink alcohol?: Not Known Arijit comes from a musical family background as his grandmother, mother and sister are fine singers."
The Journey of a Musical Genius: The Inspiring Biography of Arijit Singh,https://topinbangalore.com/biography/the-journey-of-a-musical-genius-the-inspiring-biography-of-arijit-singh/2847/,"Achievements: Arijit Singh has won several awards and nominations for his outstanding contribution to the Indian music industry. Some of his notable awards include: National Film Award for Best Male Playback Singer for the song ""Binte Dil"" from the movie ""Padmaavat"" in 2019"
The incredible music journey of Arijit Singh - IWMBuzz,https://www.iwmbuzz.com/music/snippets-music/incredible-music-journey-arijit-singh/2020/01/04,"04 Jan,2020 02:49:25 Arijit Singh, the man at the centre of the music industry for the last 6 years, has more than taken the industry by storm. In fact, one could argue he has monopolized the industry. Everyone who knows of him or has heard of him will most likely agree. Arijit Singh has made it on his own and with his sheer talent."
"Arijit Singh Biography & Career, Concerts & Tour Dates 2023-2024",https://platinumlist.net/artist/48/arijit-singh,"Parents: Kakkar Singh, Aditi Singh Biography & Career Arijit Singh, the acclaimed Indian singer, has captured the hearts of millions around the globe with his soulful voice and extraordinary musical talent. ... Arijit Singh's journey to fame began when he participated in the reality show ""Fame Gurukul."" However, it was his breakthrough song ..."
Birthday Special: From Fame Gurukul to winning National ... - ThePrint,https://theprint.in/feature/birthday-special-from-fame-gurukul-to-winning-national-award-a-look-at-arijit-singhs-journey/1537443/,"Mumbai (Maharashtra) [India], April 25 (ANI): Starting his journey at age of 18 from reality shows and becoming an overnight sensation with 'Tum Hi Ho' in 2011, Arijit Singh's swift rise to stardom is no less than an inspiring tale. It is said luck favours hard work and Arijit's life journey is proof of that."
Arijit Singh: A Journey of Humble Beginnings to Musical Mastery,https://djmirchi.in/arijit-singh/,"Singh's journey into the world of playback singing was serendipitous. His debut in Bollywood, "" Phir Mohabbat "" (from Murder 2), was released in 2011, unbeknownst to him. Even after it became a hit, his desire for playback singing didn't grow, as he was engrossed in programming music."
Arijit Singh: A voice that heals our soul - ANI News,https://www.aninews.in/news/entertainment/bollywood/arijit-singh-a-voice-that-heals-our-soul20230425234806/,Arijit Singh has been ruling our hearts with his mesmerizing voice. He started his journey at the age of 18 on the reality show Fame Gurukul in 2005 but rose to fame and became an overnight ...
Arijit Singh Birthday: Revisiting soulful singer's journey in music ...,https://economictimes.indiatimes.com/news/new-updates/arijit-singh-birthday-revisiting-soulful-singers-journey-in-music-industry/articleshow/99752680.cms,"Agencies. Arijit Singh 's impact goes beyond being a mere singer as he has captured the hearts and minds of people like no one else could. With an impressive collection of songs, he has enchanted music lovers of all ages and amassed a vast following. As Arijit turns 35, let's revisit his enchanting musical journey."
Arijit Singh's Success Story - Medium,https://medium.com/@OhireApp/arijit-singhs-success-story-a1b34c3611a6,"4 min read ¬∑ Oct 3, 2017 -- 2 Here we are going to narrate the success story of one of the most sought-after singers of our times, Arijit Singh.His story is not that of an ordinary singer. He..."
Best of Arijit Singh Songs: A Journey Through His Musical Career,https://msonglyrics.com/best-of-arijit-singh-songs-a-journey-through-his-musical-career,Best of Arijit Singh Songs: A Journey Through His Musical Career by Msong Lyrics Arijit Singh is a name that needs no introduction in the Indian music industry. He has captivated hearts with his lovely voice and enchanting songs. Arijit Singh has become a sensation among the young and old alike.
Happy Birthday Arijit Singh: Singer Arijit Singh 35th Birthday: Arijit ...,https://indianexpress.com/article/entertainment/music/happy-birthday-arijit-singh-road-to-stardom-fame-gurukul-sanjay-leela-bhansali-7886007/,"Arijit then shifted to Mumbai in 2006, where he began his career in music and his song Phir Mohabbat from Murder 2 received praise. In 2013, he shot to fame with Tum Hi Ho from Aashiqui 2. He has received much praise for his songs Phir Bhi Tumko Chahunga, Pachtaoge, Pal, Khairiyat, Soch Na Sake, Ilahi and Humari Adhuri Kahaani were well-received by the audience."
"Arijit Singh Age, Wife, Children, Family, Biography & More",https://starsunfolded.co/arijit-singh-biography/,Advertisement General Information Personal Information Education Favorite Family Father (LIC agent) Kakkar Singh Mother Late Aditi Singh Brother N/A Sister Amrita Singh First Wife Ruprekha Banerjee Second Wife Koel Roy Singh Child (1 Step Daughter & Son) Name Unknown Relationships Career Career statistics Singing Roles Income Style Collection
Arijit Singh's music journey revisited on his birthday,https://asianatimes.com/arijit-singhs-music-journey-revisited-on-his-birthday/,"Arijit Singh's journey: From early struggles to Bollywood success Arijit Singh was born in Jiaganj, West Bengal, and grew up in a musical family. His mother was a trained classical singer, and his maternal grandmother was a musician too. He started his music journey at a young age by learning Indian classical music from his mother."
"Arijit Singh Announces 2024 UK Tour: Melodies, Magic, and Memories Await",https://bnnbreaking.com/arts/music/arijit-singh-announces-2024-uk-tour-melodies-magic-and-memories-await,"The Journey Continues: Arijit Singh's 2024 UK Tour. The announcement has set the stage for what promises to be an unforgettable series of concerts across some of the UK's most iconic cities, including Manchester, Birmingham, and London.Arijit's journey from a talented youngster participating in a reality show to becoming one of the most sought-after voices in the music industry is nothing ..."
Arijit Singh on Initial Days of his Career | Soundtrack - YouTube,https://www.youtube.com/watch?v=T5Indv9J2vA,Arijit Singh on Initial Days of his Career.LIKE and SHARE this video with your friends if you like it :)SUBSCRIBE To SpotboyE : Click Here https://goo.gl/Nf...
Happy Birthday Arijit Singh: From Reality Shows To Playback Singing,https://www.mansworldindia.com/entertainment/bollywood/arijit-singhs-journey-from-fame-gurukul-to-rejected-song-in-sanjay-leela-bhansalis-saawariya/,"25 April 2022. Bollywood / Entertainment. Arijit Singh, who is celebrating his 35th birthday today, has made a name for himself in the world of singing. It's hard to imagine a film without his voice in it. In 2005, at the age of 18, he participated in the reality show Fame Gurukul but he did not win it, despite receiving appreciation."
Take A Look At Arijit Singh's Difficult Journey To Stardom - IWMBuzz,https://www.iwmbuzz.com/music/celebrities-music/take-a-look-at-arijit-singhs-difficult-journey-to-stardom/2022/06/03,Arijit Singh's struggles before Stardom. Arijit Singh is one of the most popular singers in India. He is known for his heart-touching and sad songs. His song lyrics relate to every other. Person and so he is very close to our heart. He has gained millions of fans through his charismatic voice. Arijit started singing in the year 2005 at the age ...
Arijit Singh's Journey: From Reality Show Triumph to Award-Winning ...,https://www.thetrendingpeople.com/2023/07/arijit-singhs-journey-from-reality-show.html,"Family Born into a Punjabi family, His mother, Aditi Singh, who worked as a housewife and was an LIC agent, passed away on May 19, 2021, at the AMRI Hospital in Dhakuria, Kolkata, as a result of a cerebral stroke. When she passed away, she was 52 years old."
Arijit singh | ‡§∏‡§¨‡§∏‡•á ‡§™‡§π‡§≤‡•á ‡§§‡•ã ‡§Ö‡§™‡§®‡•á ‡§ï‡§æ‡§Æ ‡§∏‡•á. | enjoy your journey #shorts ...,https://www.youtube.com/watch?v=WJU5a5cryz0,Arijit singh | ‡§∏‡§¨‡§∏‡•á ‡§™‡§π‡§≤‡•á ‡§§‡•ã ‡§Ö‡§™‡§®‡•á ‡§ï‡§æ‡§Æ ‡§∏‡•á. | enjoy your journey ü•∫#shorts #shortvideo #art #drawing #youtubeshorts #drawing #viral #artist #trending #sketch #p...
Arijit Singh Songs: Listen Arijit Singh Hit Songs on Gaana.com,https://gaana.com/artist/arijit-singh,"Arijit Singh. Arijit Singh, the name synonymous with soulful melodies and poignant lyrics, has captured the hearts of millions with his unforgettable tracks. Whether you're on the wait for Arijit Singh new songs or want to take a trip down memory lane with an Arijit Singh songs list, there's something for everyone in his bag."
"Arijit Singh's 2023 Career, Income, Net Worth, and Assets",https://www.jollyfeed.com/arijit-singhs-2023-career-income-net-worth-and/,"Arijit Singh, the renowned Indian singer, has captured the hearts of millions with his melodious voice. His exceptional talent has not only earned him a"
Arijit Singh Spotify Followers | Arijit Singh becomes 3rd most followed ...,https://www.news9live.com/art-culture/music/arijit-singh-beats-taylor-swift-to-become-3rd-most-followed-artist-on-spotify-2253863,"Arijit Singh's meteoric rise is a testament to the unyielding support of his fans, who have consistently propelled his music to new heights. His connection with his audience has been a driving force behind his success. As Arijit Singh continues to hold his position as the third most-followed artist on Spotify, his musical journey evolves. His ..."
Arijit Singh Net Worth: Bollywood's Golden Voice's Valuable Verses,https://www.citimuzik.com/2024/02/arijit-singh-net-worth.html,"Arijit Singh's journey from a reality show contestant to Bollywood's most sought-after singer is a story of perseverance, talent, and passion. ... How did Arijit Singh begin his music career? Arijit Singh began his music career by participating in the reality show ""Fame Gurukul"" in 2005, although his rise to fame came with the song ..."
Arijit Singh: A voice that heals our soul - ThePrint - ANIFeed,https://theprint.in/feature/arijit-singh-a-voice-that-heals-our-soul/1539233/,"26 April, 2023 12:15 am IST. Arijit Singh (Image Source: Twitter) Mumbai (Maharashtra) [India], April 25 (ANI): Arijit Singh has been ruling our hearts with his mesmerizing voice. He started his journey at the age of 18 on the reality show Fame Gurukul in 2005 but rose to fame and became an overnight sensation with 'Tum Hi Ho' in 2011."
Arijit Singh | The O2,https://www.theo2.co.uk/events/detail/arijit-singh-1,"Event Details. Arijit Singh has announced a headline show at The O2, taking place on Saturday 17 August 2024. Arijit Singh is the undisputed No. 1 singer in India and a Bollywood superstar with a prolific career of countless smash hit movie songs and awards. This summer, Arijit broke records when he became the first non-English singing artist ..."
Arijit Singh Life Story | Lifestyle | Biography - YouTube,https://www.youtube.com/watch?v=euak87dUqD4,Hello FriendsThis Video Is Dedicated For Singer Arijit Singh And His FansMy Instagram Id - abhishekthakur8567Background Music
"Arijit Singh Net Worth 2023, Salary, Monthly Income, Wife",https://canbeelifestyle.com/arijit-singh-net-worth/,"Arijit Singh with his wife Koyel Arijit Singh Career. Arijit Singh's musical journey continued to soar as he ventured into various regional languages, showcasing his versatility and command over diverse musical styles. Apart from Hindi, he has lent his soulful voice to songs in Bengali, Marathi, Kannada, Tamil, Gujarati, Telugu, and more ..."
‡§Ö‡§∞‡§ø‡§ú‡•Ä‡§§ ‡§∏‡§ø‡§Ç‡§π ‡§ï‡•Ä Success Story | Arijit Singh Biography in Hindi,https://www.tophindistory.org/2017/05/arijit-singh-biography-in-hindi-singer.html,Arijit Singh Career & Struggle (‡§∏‡§Ç‡§ò‡§∞‡•ç‡§∑) ‡§Ö‡§∞‡§ø‡§ú‡•Ä‡§§ ‡§®‡•á ‡§∏‡§Ç‡§ó‡•Ä‡§§ ‡§ï‡•Ä ‡§ü‡•ç‡§∞‡•á‡§®‡§ø‡§Ç‡§ó ‡§ï‡•ã ‡§™‡•Ç‡§∞‡§æ ‡§ï‡§∞ ‡§≤‡§ø‡§Ø‡§æ‡•§ ‡§Ö‡§¨ ‡§â‡§®‡•ç‡§π‡•á‡§Ç ‡§ê‡§∏‡•á ‡§™‡•ç‡§≤‡•á‡§ü‡§´‡•â‡§∞‡•ç‡§Æ ‡§ï‡•Ä ‡§ú‡§∞‡•Ç‡§∞‡§§ ‡§•‡•Ä‡•§ ‡§ú‡§π‡§æ‡§Ç ‡§µ‡§π ‡§Ö‡§™‡§®‡•Ä ‡§ü‡•à‡§≤‡•á‡§Ç‡§ü ‡§ï‡•ã ...
Everything You Should Know About Arijit Singh's NGO 'Let There Be Light',https://www.thelivemirror.com/arijit-singh-ngo-let-there-be-light-information/,"Arijit Singh's journey started with a contemporary reality TV show called Fame Gurukul in the year 2005. At the beginning of his career, he received a nomination for the Upcoming Male Vocalist of the Year award at the 2013 Mirchi Music Awards for renditions of ""Phir Le Aya Dil"" and ""Duaa"", winning the award for the latter."
"Meet the entrepreneur who manages big talent like Arijit Singh, Vishal ...",https://yourstory.com/weekender/vishal-bharadwaj-kapil-sharma-music-plus-tarsame,"In an interview with YS Weekender, Tarsame Mittal speaks about his entrepreneurial journey in the music industry‚Ä¶ Rekha Balakrishnan 1573 Stories Saturday September 14, 2019 ,"
"Arijit Singh Biography, Wife, Age, Career - Famous Biography",https://famousbiography.in/arijit-singh-biography/,"Then, Arijit Singh's Success Career started. Some details about his song discos are below. Arijit Singh Wife. Arijit Singh Present wife is Koel Roy. She is a normal Homemaker. Arijit Singh second's marriage date January 20, 2014. Wife Koel Roy. Arijit Singh's first wife was Ruprekha Banerjee."
"Arijit Singh Talks About New Track Bairiya, Says ""I Felt ... - Koimoi",https://www.koimoi.com/television/arijit-singh-talks-about-new-track-bairiya-says-i-felt-deeply-while-singing/,"Read on1. Singing sensation Arijit Singh released his latest single 'Bairiya', a Sufi, soft rock romantic ballad. He called the song special, and that he felt it deeply when he sang it. Arijit ..."
Arijit Singh - Learn How to Fight with Struggles in Life & Rise to Top,https://thedigitalyug.com/stories/arijit-singh-learn-how-to-fight-with-struggles-in-life-rise-to-top,"Arijit Singh - Career Timeline. Fame Gurukul : Singh's musical career began when his guru, Rajendra Prasad Hazari, persuaded him to leave his birthplace to compete in the reality program Fame Gurukul (2005) when he was 18 years old, believing that ""Indian classical music was a fading heritage."""
"Arijit Singh - Height, Weight, Personal Life, Career, Vital Stats",https://wcelebrity.com/arijit-singh-weight-age-husband-biography-family-facts/,"Arijit's journey to stardom is nothing short of remarkable. From a contestant on a reality show to becoming the voice of some of the biggest hits in Bollywood, he has come a long way. ... Early Life and Career. Arijit Singh, born on 25th April 1987, is a renowned Indian playback singer, music producer, and musician. He was born and brought up ..."
"Arijit Singh Net Worth: Payment, Awards, Songs - Ok Easy Life",https://www.okeasylife.com/arijit-singh/,"Here are the Major highlights of Arijit Singh journey‚Ä¶.-He started assisting Pritam in 2010 on Crook and other projects-He made his singing debut with a Telugu film named 'Kedi'-His debut in the Hindi film industry came in 2011 with the song ""Phir Mohabbat"" in Murder 3-In the same year, he debuted for Agent Vinod, Cocktail and Barfi"
Feelings of love Jukebox | HT Music |Arijit Singh Songs | Arijit Singh ...,https://www.youtube.com/watch?v=mjsfgRbJZA8,Feelings of love Jukebox | HT Music |Arijit Singh Songs | Arijit Singh Jukebo...B My Journey
Arijit Singh Net Worth In 2024 | INVESTOR TIMES,https://investortimes.com/arijit-singh-net-worth-in-2024/,"Chart-Topping Hits Singh's career reached new heights when he sang the song ""Tum Hi Ho"" for the film ""Aashiqui 2"" in 2013. The song became an instant hit and catapulted Singh to nationwide fame. ... In summary, Arijit Singh's journey from a reality show contestant to becoming a musical icon is truly inspiring. With his exceptional ..."
Arijit Singh Biography: The Man Behind the Magical Voice,https://www.vmclyric.com/2023/06/arijit-singh.html,"Musical Journey - Arijit Singh Biography. In the vast realm of Indian music, there are few voices as captivating and iconic as that of Arijit Singh. ... The year 2013 marked a turning point in Arijit Singh's career. His soul-stirring rendition of ""Tum Hi Ho"" from the film Aashiqui 2, composed by Mithoon, struck a chord with listeners ..."
Arijit Singh Net Worth 2024 (FORBES) Richest Singer,https://www.caclubindia.com/wealth/arijit-singh-net-worth/,"Arijit Singh's net worth is estimated to be Rs.160 crore rupees ($20 Million USD). ... His journey, much like his music, is a testament to his dedication, talent, and unwavering passion for music ... The year 2013 marked a turning point in Arijit Singh's career when he sang the song ""Tum Hi Ho"" for the film 'Aashiqui 2'. The song ..."
The successful musical journey of Bollywood Singer Arijit Singh - IWMBuzz,https://www.iwmbuzz.com/music/snippets-music/successful-musical-journey-bollywood-singer-arijit-singh/2019/12/03,"The successful musical journey of Bollywood Singer Arijit Singh The journey of Bollywood gem: Arijit Singh . Author: IWMBuzz Editorial ... and many Bengali Classical songs. A stepping stone to his career was his participation in reality show Fame Gurukul. In another show 10 Ke 10 Le Gaye Dil he won, and with that prize money he set up a studio ..."
"Arijit Singh: Age, Height, Profession, Wife, Family, Children ...",https://bestbiopic.com/arijit-singh-biography/,"Arijit Singh's Career: Career beginnings (2005-2009) 2005: Arijit Singh's musical journey commenced at the age of 18 when his guru, Rajendra Prasad Hazari, encouraged him to leave his hometown and participate in the reality show Fame Gurukul. Despite being eliminated by audience polling and finishing in sixth place, his talent was noticed ..."
‡§Ö‡§∞‡§ø‡§ú‡•Ä‡§§ ‡§∏‡§ø‡§Ç‡§π - ‡§µ‡§ø‡§ï‡§ø‡§™‡•Ä‡§°‡§ø‡§Ø‡§æ,https://hi.wikipedia.org/wiki/‡§Ö‡§∞‡§ø‡§ú‡•Ä‡§§_‡§∏‡§ø‡§Ç‡§π,‡§ï‡•ã‡§Ø‡§≤ ‡§∏‡§ø‡§Ç‡§π (‡§µ‡§ø‡•∞ 2014) [3] ‡§¨‡§ö‡•ç‡§ö‡•á. 2. ‡§â‡§≤‡•ç‡§≤‡•á‡§ñ‡§®‡•Ä‡§Ø ‡§ï‡§æ‡§∞‡•ç‡§Ø. { { {notable_works}}} ‡§Ö‡§∞‡§ø‡§ú‡•Ä‡§§ ‡§∏‡§ø‡§Ç‡§π ( ‡§¨‡§Ç‡§ó‡§æ‡§≤‡•Ä ;‡¶Ö‡¶∞‡¶ø‡¶ú‡¶ø‡ßé ‡¶∏‡¶ø‡¶Ç) [4] (‡§ú‡§®‡•ç‡§Æ 25 ‡§Ö‡§™‡•ç‡§∞‡•à‡§≤ 1987) ‡§è‡§ï ‡§≠‡§æ‡§∞‡§§‡•Ä‡§Ø ‡§ó‡§æ‡§Ø‡§ï ‡§î‡§∞ ‡§∏‡§Ç‡§ó‡•Ä‡§§‡§ï‡§æ‡§∞ ‡§π‡•à‡§Ç ...
Arijit Singh to Monali Thakur: Reality show participants who made it,https://www.hindustantimes.com/music/arijit-singh-to-monali-thakur-reality-show-participants-who-made-it/story-3wsGHW5AWsUcPnBKRndiAI.html,"Here, we look at a few reality show participants who are on a roll in Bollywood. Arijit Singh has sung chartbusters such as 'Phir mohabbat karne' (Murder 2; 2011), 'Tum hi ho' (Aashiqui 2 ..."
Arijit Singh: Success Story & Life-History ¬ª StarsUnfolded,https://starsunfolded.com/arijit-singh-success-story-life-history/,"Birth And Early Life. Arijit Singh was born on 25th April 1987 at Jiaganj, Murshidabad, West Bengal, to a Punjabi father and Bengali mother. His maternal aunt gave him classical music classes. He completed his schooling from Raja BH Singh High School and later went to Sripat Singh College."
7 Bollywood Celebs Who Messed Up With Salman Khan And Self ... - Indiat,https://www.indiatimes.com/entertainment/celebs/7-bollywood-celebs-who-messed-up-with-salman-khan-and-self-ruined-their-career-340516.html,"Arijit Singh. Arijit Singh was rising high on fame when he messed with Salman Khan. It all started at an award show when Salman was anchoring at an award show, Arijit Singh was spotted sleeping. Even when his name was announced as the winner, Arijit had to be woken up by someone else to come on stage and receive the award."
"Arijit Singh: Biography, Children, songs, wife, height, movies, net ...",https://www.javatpoint.com/arijit-singh,"Arijit Singh. Arijit Singh is one of the most loved and famous singers from India. In 2005, he was among the top six contestants on the reality singing show Fame Gurukul, and later, he went on to work as an assistant to music director Pritam.Arijit Singh, known for his deep voice that resounds with love tunes, is breaking new ground in the music industry by conjuring unforgettable notes for ..."
Arijit Singh Mp3 Songs Download Pagalworld,https://pagalworld.ink/singer/arijit-singh/new2old/1.html,"Le Aaunga (Satya Prem Ki Katha) Arijit Singh. Arijit Singh. Arijit Singh Mp3 Songs Download Pagalworld, Download Pagalworld Bollywood, Punjabi, high Dj remix and new mp3 songs, pagalworld A to Z all latest mp3 songs audio online free from PagalWorld, Page 1."
Arijit Singh Songs 2024: Career Income Personal Life Assets - CAknowledge,https://caknowledge.com/celebrity/arijit-singh/,"Arijit Singh, born on April 25, 1987, is an Singer. His career spans over two decades, adorned with achievements, controversies, and an undying fan following. Arijit Singh is also an active supporter of various other charitable programs. Despite his popularity, Arijit Singh's career has not been without controversies."
Arijit Singh: The Musical Sensation - loversrupak.com,https://www.loversrupak.com/arijit-singh-singer-wiki/,"Career Beginnings. Arijit Singh's journey in the music industry started with reality television shows. He participated in the reality show ""Fame Gurukul"" in 2005, where he showcased his exceptional vocal abilities. Although he didn't win the competition, his talent was recognized by music directors and opened doors to opportunities in ..."
Arijit Singh turns music composer with Netflix's Pagglait,https://about.netflix.com/en/news/arijit-singh-turns-music-composer-with-netflixs-pagglait,"Streaming from March 26, Pagglait features melodious tunes from the singer turned composer Arijit Singh. Images. Arijit Singh Images. Mumbai March 12,: Arijit Singh has always swept the crowd off their feet with his soothing voice and his fans have always wanted more of him. The music sensation, who has given multiple hit songs, is now set to take on a new role as a music composer with Netflix ..."
"Did You Know: Satranga Was NOT Written For Ranbir Kapoor, Rashmika ...",https://zeenews.india.com/bollywood/did-you-know-satranga-was-not-written-for-ranbir-kapoor-rashmika-mandannas-animal-2698734.html,"New Delhi: Music composer Shreyas Puranik, who has composed the song 'Satranga' from the Ranbir Kapoor-starrer 'Animal', has shared that the song was supposed to be a part of some other project but eventually was used in 'Animal'. Shreyas, who started his career 15 years ago as a singer, also shared the journey of the song and his experience working with Arijit Singh and Sandeep ..."
"Birthday Special: From Fame Gurukul to winning National award, a look ...",https://www.aninews.in/news/entertainment/bollywood/birthday-special-from-fame-gurukul-to-winning-national-award-a-look-at-arijit-singhs-journey20230425000852/,"Birthday Special: From Fame Gurukul to winning National award, a look at Arijit Singh's journey. Mumbai (Maharashtra) [India], April 25 (ANI): Starting his journey at age of 18 from reality shows ..."
Koel Roy: The Untold Story of Arijit Singh's Second Marriage - Gangtokian,https://www.gangtokian.com/koel-roy-the-untold-story-of-arijit-singh/,"Arijit Singh started his career as a contestant on a musical television show called Fame Gurukul in 2005. He later participated in another reality show called '10 Ke 10 Le Gaye Dil' and won. Also known for Phir Mohabbat from murder and neeve na neeve na, he started off as a music programmer and a playback singer and then went on to become ..."
Arijit Singh: The Remarkable Journey of a Soulful Singer - Funniest Indian,https://funniestindian.com/arijit-singh-the-remarkable-journey-of-a-soulful-singer/,"He started his career as a music programmer and later went on to become a playback singer. He made his debut in Bollywood with the song ""Phir Mohabbat"" from the movie ""Murder 2"". ... Arijit Singh's journey from a music programmer to a successful playback singer is an inspiration to many. He has won the hearts of millions with his ..."
Arijit Singh's Journey | Struggle To Success - YouTube,https://www.youtube.com/shorts/tAhUVjex5tc,"Arijit Singh's Journeyüî•| Struggle To Success | Fame Gurukul To Bollywood Journey#arijitsingh #shorts #arijitianfans ""This is purely fan made video, if conte..."
Fame Gurukul: When Arijit Singh started his career and ... - TellyChakkar,https://www.tellychakkar.com/tv/tv-news/fame-gurukul-when-arijit-singh-started-his-career-and-his-struggles-singer-200525,"Well, though he didn't win the show he had won the hearts of the audience back then. Today, Arijit Singh is one of the top singers today and he started his journey from this reality show. Little did one know that this boy would be ruling the music world with his beautiful voice, today his every song is chartbuster hit and every director wants to work with him."
How Was Arijit Singh Introduced To Bollywood? Know About His ... - IWMBuzz,https://www.iwmbuzz.com/music/celebrities-music/arijit-singh-introduced-bollywood-know-debut/2021/01/30,Arijit Singh is the household name of the Bollywood music industry today but his road towards success has been a long one. Arijit Singh comes from a family that has had a niche for singing. Arijit Singh was inclined towards music from the very beginning and cared more about music than studies. Arijit's parents were supportive and decided to ...
Best Of Arijit Singh Mp3 Songs Download PagalWorld,https://paglasongs.com/files/arijit-singh-mp3-songs.html,"Best of Arijit Singh Songs Download PagalWorld, Arijit Singh A to Z All Mp3 Free and high quality song download. Bollywood Punjabi Pop Mp3 Dj Remix Mix Mp3 Status Video. Search: Top Download Songs : Sound of Salaar Mp3 Song Ravi Basrur Salaar (2023) Ram Aayenge Mp3 Song Swati Mishra Bhakti Songs ."
Arijit Singh Ô∏è // life journey//shorts #viral#shorts ... - YouTube,https://www.youtube.com/shorts/bTJ7HvcMYow,shorts#shorts feed#viral#trending#shorts video#viral shorts#viral vide#Arijit singh#life journey#trending#
"Arijit Singh's Love Life And Two Marriages: Reportedly, His First ...",https://www.bollywoodshaadis.com/articles/arijit-singh-love-life-and-two-marriages-9752,"Born in, Murshidabad, West Bengal, Arijit Singh's musical journey had started when he had participated in the reality show, Fame Gurukul, in 2005. However, not many know that the show didn't just give him the recognition, but he had also had met his first wife on the same show. Check out as we share with you the details of Arijit Singh's two ..."
Happy Birthday Arijit Singh know this things about Arijit's career ...,https://marathi.abplive.com/entertainment/happy-birthday-arijit-singh-know-this-things-about-arijit-s-career-journey-1053402,Arijit Singh Birthday : ‡§Ö‡§∞‡§ø‡§ú‡§ø‡§§ ‡§∏‡§ø‡§Ç‡§π‡§ö‡§æ ‡§ú‡§®‡•ç‡§Æ 25 ‡§è‡§™‡•ç‡§∞‡§ø‡§≤ 1987 ‡§∞‡•ã‡§ú‡•Ä ‡§™‡§∂‡•ç‡§ö‡§ø‡§Æ ‡§¨‡§Ç‡§ó‡§æ‡§≤‡§Æ‡§ß‡•Ä‡§≤ ...
Journey of Arijit Singh (2005 - 2020) | Arijit Singh - Facebook,https://www.facebook.com/unofficialarijit/videos/journey-of-arijit-singh-2005-2020/2665282523700594/,"12M views, 471K likes, 139K loves, 2.7K comments, 17K shares, Facebook Watch Videos from Unofficial Arijit singh: Arijit Singh ... Journey of Arijit Singh üíù (2005 - 2020) Like. Comment. Share."
"Arijit Singh Biography, Wiki, Affairs, Family, Relationship, Net Worth ...",https://www.hiravshah.com/biography/arijit-singh/,"Arijit Singh's Career. Arijit's singing career began from a reality show Fame Gurukul (2005) at the age of 18. At the age of 18, he was eliminated from the show placing him in Top 6. ... From his journey, we learn to fight hard difficulties that prevent us from succeeding."
‡§Ö‡§∞‡§ø‡§ú‡•Ä‡§§ ‡§∏‡§ø‡§Ç‡§π ‡§ï‡§æ ‡§ú‡•Ä‡§µ‡§® ‡§™‡§∞‡§ø‡§ö‡§Ø | Arijit Singh biography in Hindi,https://biographybooks.in/arijit-singh/,Arijit Singh Bollywood Career : ‡§¶‡•ã‡§∏‡•ç‡§§‡•ã‡§Ç ! ‡§Ö‡§∞‡§ø‡§ú‡•Ä‡§§ ‡§ï‡•ã ‡§∂‡§Ç‡§ï‡§∞-‡§è‡§π‡§∏‡§æ‡§®-‡§≤‡•ã‡§Ø ‡§∏‡•á ‡§™‡§π‡§≤‡§æ ‡§¨‡•ç‡§∞‡•á‡§ï ‡§â‡§®‡§ï‡•á ‡§Æ‡•ç‡§Ø‡•Ç‡§ú‡§ø‡§ï ‡§è‡§≤‡•ç‡§¨‡§Æ '‡§π‡§æ‡§à ‡§∏‡•ç‡§ï‡•Ç‡§≤ ‡§Æ‡•ç‡§Ø‡•Ç‡§ú‡§ø‡§ï‡§≤ ‡§è‡§≤‡•ç‡§¨‡§Æ 2' ‡§∏‡•á ‡§Æ‡§ø‡§≤‡§æ ‡§•‡§æ‡•§ ‡§ú‡§ø‡§∏‡§Æ‡•á‡§Ç ...
"Bollywood Success Story: From Melodies To Milestones, Arjit Singh's ...",https://www.msn.com/en-in/news/other/bollywood-success-story-from-melodies-to-milestones-arjit-singhs-harmonious-journey-to-unprecedented-success/ar-BB1gW6Kf,"Arijit Singh's journey from a small town in West Bengal to the pinnacle of Bollywood playback singing is a testament to his talent, perseverance, and passion for music. His soulful renditions ..."
"Bollywood Success Story: From Melodies To Milestones, Arjit Singh ... - MSN",https://www.msn.com/en-in/news/other/bollywood-success-story-from-melodies-to-milestones-arjit-singh-s-harmonious-journey-to-unprecedented-success/ar-BB1gW6Kf,"Arijit Singh's journey from a small town in West Bengal to the pinnacle of Bollywood playback singing is a testament to his talent, perseverance, and passion for music. His soulful renditions ..."
OnTheBeatWith| Arijit Singh: 'I have learnt valuable ... - Firstpost,https://www.firstpost.com/entertainment/bollywood/onthebeatwith-arijit-singh-i-have-learnt-valuable-music-lessons-just-by-listening-to-songs-10832411.html,"In OnTheBeatWith series, we revisit a musician's journey in the industry, their music, anecdotes about their hits, and their recording-studio stories. ... What stood out that evening was the fact that Coldplay's lead vocalist Chris Martin, sang Arijit Singh's romantic anthem ... In a career spanning over eight decades, Mangeshkar sang around ..."
Arijit Singh VIP Tickets & Hospitality | Seat Unique,https://www.seatunique.com/music-tickets/pop/arijit-singh-tickets,"Arijit Singh's journey to success is quite remarkable. After his stint on ""Fame Gurukul,"" Singh initially struggled to find his footing in the industry. He faced challenges and setbacks, but he persevered, honed his skills, and eventually got his breakthrough moment. Career Turning Point."
Happy Birthday Arijit Singh - From Fame Gurukul to most ... - CNBCTV18,https://www.cnbctv18.com/entertainment/happy-birthday-arijit-singh-from-fame-gurukul-to-most-streamed-indian-singer-on-spotify-16487461.htm,"On the eve of Arijit's 35th birthday, let us take a look at his melodious career. - Arijit Singh first came into the limelight when he participated in the reality TV show Fame Gurukul. Although he didn't win the show, Arijit received accolades for his melodious voice. - After the show, Arijit moved to Mumbai to pursue his dream of ..."
"As Arijit Singh turns a year older, we list out his songs ... - Filmfare",https://www.filmfare.com/features/as-arijit-singh-turns-a-year-older-we-list-out-his-songs-that-should-be-on-your-playlist-53467.html,"A close friend of Arijit Singh told the ETimes that Arijit would say, ""Mumbai is part of my journey. I work there and it has made me who I am today. But my heart and soul lies in Jiaganj, my ..."
From 'All for One' to 'Tum Hi Ho': Arijit Singh's Soaring Career,https://english.newstracklive.com/news/from-all-for-one-to-tum-hi-ho-arijit-singhs-soaring-career-sc17-nu1002-ta1002-1295482-1.html,"In this article, we examine Arijit Singh's remarkable career trajectory from the recording of his first song to his current status as one of Bollywood's most renowned playback singers. In Jiaganj, Murshidabad, West Bengal, India, on April 25, 1987, Arijit Singh was born. His father served as his first music instructor, and he showed innate ..."
Arijit Singh (‡§Ö‡§∞‡§ø‡§ú‡•Ä‡§§ ‡§∏‡§ø‡§Ç‡§π) Biography in Hindi | Musical Journey ...,https://www.youtube.com/watch?v=ws7yrP0egUU,"This Video is about Arijit Singh (‡§Ö‡§∞‡§ø‡§ú‡•Ä‡§§ ‡§∏‡§ø‡§Ç‡§π) Biography (Success Story) in Hindi. Arijit Singh is an Indian musician, singer, composer, music producer, reco..."
Top 10 Evergreen Arijit Singh Bollywood Songs | magicpin blog,https://magicpin.in/blog/arijit-singh-bollywood-songs/#!,"10. ""Muskurane Ki Wajah Tum Ho"". Movie: Citylights (2014) Composer: Jeet Gannguli. Lyricist: Rashmi Singh. Release Year: 2014. ""Muskurane Ki Wajah Tum Ho"" is a melancholic track that tugs at the heartstrings. Arijit Singh's emotional rendition, coupled with Rashmi Singh's heartfelt lyrics, makes it a soul-stirring melody."
Celebrating Arijit Singh Birthday: The Musical Maestro's Epic Journey ...,https://blogpostnews.com/celebrating-arijit-singh-birthday/,"In this blog, we will dive into the life and career of Arijit Singh, paying homage to the man behind the mesmerizing voice, while also exploring the significance of his birthday, especially among his ardent admirers. ... The Visionary Behind 'Fogg' and His Extraordinary Rs0 to Rs10000 Crore Journey . A Personal Connection. Arijit Singh's ..."
List of songs recorded by Arijit Singh - Wikipedia,https://en.wikipedia.org/wiki/List_of_songs_recorded_by_Arijit_Singh,"Arijit Singh made his Bollywood debut with Mithoon-composition, ""Phir Mohabbat"" from Murder 2, which was recorded in 2009 though released in 2011. The following year, he worked with Pritam for four of his films. He rendered four versions of the song ""Raabta"" in Agent Vinod.He also lent his voice for Chirantan Bhatt in 1920: Evil Returns and for Vishal-Shekhar in Shanghai, where the song ..."
"Arijit Singh Wiki, Biography, Age, Girlfriend, Wife, Height, Net Worth ...",https://www.auditionformdates.in/arijit-singh-wiki.html,"Arijit Singh Wiki- Arijit Singh, born on April 25, 1987, in Jiaganj, West Bengal, India, is a renowned Indian playback singer. He began his musical journey at a young age, receiving training in Indian classical music from his grandmother and later from Birendra Prasad Hazari. ... 1.1 Arijit Singh Wiki Overview; 2 Career Report's. 2.1 Singing ..."
Arijit Singh - YouTube,https://www.youtube.com/@Official_ArijitSingh/featured,"Welcome to Arijit Singh's official YouTube channel known as Oriyon Music - experience heart-warming melodies, poetic lyrics and soulful vocals. Arijit Da is deeply grateful for his fans, and this ..."
Train Journey With Apna Hai ye Khayal Arijit Singh Slow ... - YouTube,https://www.youtube.com/watch?v=morhloSRmv0,About Press Copyright Contact us Creators Advertise Developers Terms Privacy Policy & Safety How YouTube works Test new features NFL Sunday Ticket Press Copyright ...
Arijit Singh Songs Piano Notes - Piano Mint,https://www.pianomint.com/hindi-songs/arijit-singh-songs-piano-notes/,"Arijit Singh Songs Piano Notes Available On Piano Mint. Arijit Singh Songs Easy Piano Notes For Beginners. ... With an illustrious career spanning over a decade, Sanchit has become a revered figure in the world of music education. ... His journey began as a teacher, imparting the art of vocals and instrumental mastery to countless eager minds ..."
Unknown Facts About Arijit Singh That Give An Insight Into The ... - Flutin,https://flutin.com/blog/index.php/2020/05/arijit-singh-interesting-journey-to-fame/,"While you may read Arijit Singh's biography anywhere on the internet, we have dug up some interesting facts about the singer's journey to becoming a contestant in the 2005 music reality show Fame Gurukul and ultimately the voice of soulful romance. Here are some lesser-known facts about Arijit Singh that we bet you didn't know."
"Arijit Singh Biography | Arijit Singh Girlfriend, Wife ... - FilmiBeat",https://www.filmibeat.com/celebs/arijit-singh/biography.html,"Arijit Singh Biography: Get to know all about Arijit Singh, his personal life, love interests, wife, family, net worth, and career only on Filmibeat"
Happy Birthday Arijit Singh: Let's Unravel the Successful Musical ...,https://www.filmibeat.com/photos/feature/happy-birthday-arijit-singh-let-s-unravel-successful-musical-journey-of-arijit-singh-88621.html,"Today on his 36th birthday let's take a look at his musical journey. 1. Arijit began his music career with the reality TV show 'Fame Gurukul' back in 2005, when he was just 18 years old. The ..."
"From Fame Gurukul to top Indian playback singer, Arijit Singh's journey",https://www.iwmbuzz.com/music/celebrities-music/fame-gurukul-top-indian-playback-singer-arijit-singhs-journey/2019/12/25,"25 Dec,2019 21:10:32. Just by hearing his name, Arijit manages to take us on a rollercoaster ride with that amazing voice of his. So let us also take you on the journey of his life. A Bengali by heart, born to a Sikh father and a Bengali mother, Arijit commenced his music career at home. He got his training from his maternal aunt in classical."
"Arijit Singh | Biography, Songs & Lyrics - The Musical Safari",https://themusicalsafari.com/artists/arijit-singh/,"Born on April 25, 1987, in Jiaganj, Murshidabad, West Bengal, Singh began his musical journey at a tender age. His talent blossomed, and even during his teenage years, he enchanted audiences with his performances at weddings and various events. In 2005, he participated in the reality show Fame Gurukul, finishing sixth and gaining valuable exposure."
HELLO! 100 Most Influential: Arijit Singh - HELLO! India,https://in.hellomagazine.com/celebrities/20230820303217/100-most-influential-arijit-singh/,"HELLO! 100 Most Influential: AP Dhillon. Maintaining an air of mystery around his personal life, Singh tied the knot with his childhood friend, Koel Roy, back in 2014. The couple today lives in the quaint town of Jiaganj in West Bengal. Despite his work calling him out to Mumbai, the elusive singer's heart resides in his own town, with him ..."
Arijit Singh birthday: When the singer sobbed in front of guru Ila Arun ...,https://indianexpress.com/article/entertainment/music/arijit-singh-birthday-when-the-singer-sobbed-in-front-of-guru-ila-arun-on-fame-gurukul-watch-7282995/,"Arijit Singh might be a name to reckon with in India's music scene today, but the singer-music director had a noteworthy journey full of struggle and emotional highs and lows. Arijit's first brush on camera was at the age of 18 when he participated in the singing reality show, Fame Gurukul on Sony TV."
Ae Dil Hai Mushkil ft. anacousticbose | ADHM - YouTube,https://www.youtube.com/watch?v=aN2pK9pYqRY,"Embark on a musical journey with me as I present my heartfelt cover of the timeless classic, ""Ae Dil Hai Mushkil,"" originally sung by the maestro Arijit Sing..."
Arijit Singh and Ranbir Kapoor Join Forces with 'Satranga Re',https://www.thestatesman.com/entertainment/bollywood/arijit-singh-and-ranbir-kapoor-join-forces-with-satranga-re-1503235226.html,"Arijit Singh and Ranbir Kapoor collaborate in 'Satranga Re,' a captivating track delving into the complexities of love, part of the upcoming movie 'Animal.' Releasing on December 1, 2023 ..."
"Salman Khan 'Forgives' Arjit Singh | Hindi News, Times Now",https://www.timesnownews.com/entertainment-news/bollywood/salman-khan-forgives-arjit-singh-article-104657727,"Updated Oct 23, 2023, 09:28 PM IST. Salman Khan 'Forgives' Arjit Singh. After a massive public fallout, Salman Khan has finally ' forgiven ' Arijit Singh. The singer is back in Salman's Tiger 3, singing the mediocre Lekar Prabhu Ka Naam. Their feud goes back to 2015, when Salman insulted Arijit at an awards function, and Arjit insulted ..."
Journey of Arijit Singh (2005 - 2020) | Arijit Singh - Facebook,https://www.facebook.com/unofficialarijit/videos/2665282523700594/,"12M views, 471K likes, 139K loves, 2.7K comments, 17K shares, Facebook Watch Videos from Unofficial Arijit singh: Arijit Singh ... Journey of Arijit Singh üíù (2005 - 2020) Like. Comment. Share."
Arijit Singh Life journey | #arijitsingh #lifejourney # ... - YouTube,https://www.youtube.com/watch?v=7U-qF7e2FJ4,Arijit Singh üëë Life journey | #arijitsingh #lifejourney #singer @InspireInfinity6 your queries:Arijit Singh life journeyArijit Singh song
"Arijit Singh Net Worth, Height, Age, Affair, Career, and More",https://celebsrevealed.com/arijit-singh/,"Arijit Singh height is 5 feet 6 inches (1.68 m) and his weight is 76 kg (168 lbs). Weight might have changed but we added the latest one. His hair color is Black and his eye color is Black. Below the table, you can find more things about him. Edward Furlong Net Worth, Age, Height, Affair, Career, and More. Weight:"
11 WEALTHIEST Indian singers: Can you guess who TOPS the list?,https://www.masala.com/bollywood-news/11-wealthiest-indian-singers-can-you-guess-who-tops-the-list,"Arijit Singh, a beloved Bollywood vocalist, claims the ninth position with a net worth of $7 million. Over a decade of success, Singh's heartfelt melodies and distinctive voice continue to ..."
Arijit Singh on his unrivalled rise in Bollywood: 'I don't have a ...,https://www.firstpost.com/entertainment/arijit-singh-on-his-unrivalled-rise-in-bollywood-i-dont-have-a-monopoly-over-music-4370381.html,"Arijit Singh denies of any 'Arijit effect' in Bollywood's musicscape. He says, 'The words star and celebrity are created and is usually a state of mind rather that an actual thing.' ... Arijit has made a long journey. However, his mantra for all the budding musicians today remains: ""Passion, hard work and dedication."" ... In a career spanning ..."
10 unknown facts about Arijit Singh | Radioandmusic.com,https://www.radioandmusic.com/entertainment/editorial/news/160305-10-unknown-facts-about-arijit-singh,"Arijit Singh has assisted music directors Pritam Chakraborty, Shankar-Ehsaan-Loy, Vishal-Shekhar and Mithoon in his earlier days. 6. Arijit's Bollywood music debut was 'Phir Mohabbat' from 'Murder 2', composed by Mithoon. 7. He got married to childhood friend Koel Roy in 2014, and this is his second marriage."
